<?xml version="1.0"?>
<config xmlns:xsi="http://www.w3.org/2001/XMLSchema-instance" xsi:noNamespaceSchemaLocation="urn:magento:framework:Acl/etc/acl.xsd">
    <acl>
        <resources>
            <resource id="Magento_Backend::admin">
				<resource id="Magento_Backend::mgs">
					<resource id="MGS_QuickView::QuickView" title="Quick View" sortOrder="80">
						<resource id="MGS_QuickView::configuration" title="Configuration" sortOrder="10"/>
					</resource>
				</resource>
                <resource id="Magento_Backend::stores">
                    <resource id="Magento_Backend::stores_settings">
                        <resource id="Magento_Config::config">
							<resource id="MGS_Mpanel::mpanel">
								<resource id="MGS_QuickView::config_quickview" title="Quick View" sortOrder="50" />
							</resource>
                        </resource>
                    </resource>
                </resource>                              
            </resource>
        </resources>
    </acl>
</config>
