<?xml version="1.0"?>
<!--
/**
 * Copyright © 2015 Magento. All rights reserved.
 * See COPYING.txt for license details.
 */
-->
<config xmlns:xsi="http://www.w3.org/2001/XMLSchema-instance" xsi:noNamespaceSchemaLocation="urn:magento:module:Magento_Config:etc/system_file.xsd">
    <system>
        <section id="protabs" translate="label" type="text" sortOrder="40" showInDefault="1" showInWebsite="1" showInStore="1">
            <class>separator-top</class>
            <label>Product Tabs</label>
            <tab>mgs</tab>
            <resource>MGS_Protabs::config_protabs</resource>
            <group id="general" translate="label" type="text" sortOrder="10" showInDefault="1" showInWebsite="1" showInStore="1">
                <label>General</label>
                <field id="is_enabled" translate="label comment" type="select" sortOrder="10" showInDefault="1" showInWebsite="1" showInStore="1">
                    <label>Is Enabled</label>
					<source_model>Magento\Config\Model\Config\Source\Yesno</source_model>
                </field>
                <field id="type" translate="label comment" type="select" sortOrder="14" showInDefault="1" showInWebsite="1" showInStore="1">
                    <label>Show as accordion</label>
					<source_model>Magento\Config\Model\Config\Source\Yesno</source_model>
                </field>
                <field id="position" translate="label comment" type="select" sortOrder="15" showInDefault="1" showInWebsite="1" showInStore="1">
                    <label>Show after product information</label>
					<source_model>Magento\Config\Model\Config\Source\Yesno</source_model>
                </field>
            </group>
			
			<group id="items" translate="label" type="text" sortOrder="20" showInDefault="1" showInWebsite="1" showInStore="1">
                <label>Manage Tab Items</label>
                <frontend_model>MGS\Protabs\Block\Adminhtml\Serialized</frontend_model>
				<fieldset_css>complex product-tabs</fieldset_css>
            </group>
        </section>
    </system>
</config>
