<?xml version="1.0"?>
<config xmlns:xsi="http://www.w3.org/2001/XMLSchema-instance" xsi:noNamespaceSchemaLocation="../../../../../lib/internal/Magento/Framework/Module/etc/module.xsd">
    <module name="MGS_Brand" setup_version="2.0.0">
		<sequence>
            <module name="Magento_Catalog"/>
            <module name="Magento_Eav"/>
            <module name="Magento_ConfigurableProduct"/>
            <module name="Magento_Bundle"/>
            <module name="Magento_Ui"/>
        </sequence>
	</module>
</config>
